eli,kontrola,pole,w_API,inna_wartosc,zrodlo_innej_wartosci,wydawca,od,tytul
DU/2026/1258,naglowek_2012,promulgation,2026-09-29,2026-09-28,"nagłówek PDF: Warszawa, dnia 28 września 2026",2026-09-28,2026-10-10,Rozporządzenie Ministra Sprawiedliwości z dnia 23 września 2026 r. w sprawie wysokości kwoty bazowej w 2027 r.
MP/2026/711,naglowek_2012,promulgation,2026-07-16,2026-07-17,"nagłówek PDF: Warszawa, dnia 17 lipca 2026",2026-07-17,2026-10-10,Postanowienie Prezydenta Rzeczypospolitej Polskiej z dnia 15 maja 2026 r. nr rej. 300/2026 o nadaniu odznaczenia
MP/2026/712,naglowek_2012,promulgation,2026-07-16,2026-07-17,"nagłówek PDF: Warszawa, dnia 17 lipca 2026",2026-07-17,2026-10-10,Postanowienie Prezydenta Rzeczypospolitej Polskiej z dnia 20 maja 2026 r. nr rej. 301/2026 o nadaniu orderu
MP/2026/713,naglowek_2012,promulgation,2026-07-16,2026-07-17,"nagłówek PDF: Warszawa, dnia 17 lipca 2026",2026-07-17,2026-10-10,Postanowienie Prezydenta Rzeczypospolitej Polskiej z dnia 20 maja 2026 r. nr rej. 302/2026 o nadaniu orderu
MP/2026/714,naglowek_2012,promulgation,2026-07-16,2026-07-17,"nagłówek PDF: Warszawa, dnia 17 lipca 2026",2026-07-17,2026-10-10,Postanowienie Prezydenta Rzeczypospolitej Polskiej z dnia 21 maja 2026 r. nr rej. 307/2026 o nadaniu odznaczeń
MP/2026/811,metadane,data w tytule,2026-06-19,2026-06-18,nagłówek aktu w PDF-ie,,2026-10-10,Postanowienie Prezydenta Rzeczypospolitej Polskiej z dnia 19 czerwca 2026 r. nr rej. 319/2026 o nadaniu odznaczeń
MP/2026/811,metadane,numer w tytule,319/2026,324/2026,nagłówek aktu w PDF-ie,,2026-10-10,Postanowienie Prezydenta Rzeczypospolitej Polskiej z dnia 19 czerwca 2026 r. nr rej. 319/2026 o nadaniu odznaczeń
MP/2026/811,numer_tytulu,numer w tytule,319/2026,,brak tego numeru w PDF-ie,,2026-10-10,Postanowienie Prezydenta Rzeczypospolitej Polskiej z dnia 19 czerwca 2026 r. nr rej. 319/2026 o nadaniu odznaczeń
MP/2026/892,daty_tytul,announcementDate>promulgation,2026-09-02,2026-08-17,promulgation w API,2026-09-04,2026-10-10,Obwieszczenie Ministra Sprawiedliwości z dnia 2 września 2026 r. o wolnych stanowiskach sędziowskich
MP/2026/892,naglowek_2012,promulgation,2026-08-17,2026-09-04,"nagłówek PDF: Warszawa, dnia 4 września 2026",2026-09-04,2026-10-10,Obwieszczenie Ministra Sprawiedliwości z dnia 2 września 2026 r. o wolnych stanowiskach sędziowskich
